time	metabolite_parent_fraction
0	1
300	0.875973772
600	0.730780329
1200	0.482675004
2400	0.258329601
3600	0.148190468
4819.00002	0.124919952
